ID,places,p1,Xtimes,when,why,w/whom,stay/whom,kids?,lover?,p2,Xtimes,when,why,w/whom,stay/whom,kids?,lover?,p3,Xtimes,when,why,w/whom,stay/whom,kids?,lover?,p4,Xtimes,when,why,w/whom,stay/whom,kids?,lover?,p5,Xtimes,when,why,w/whom,stay/whom,kids?,lover?,p6,Xtimes,when,why,w/whom,stay/whom,kids?,lover?,p7,Xtimes,when,why,w/whom,stay/whom,kids?,lover?,p8,Xtimes,when,why,w/whom,stay/whom,kids?,lover?,p8,Xtimes,when,why,w/whom,stay/whom,kids?,lover?,p9,Xtimes,when,why,w/whom,stay/whom,kids?,lover?,p10,Xtimes,when,why,w/whom,stay/whom,kids?,lover?,p11,Xtimes,when,why,w/whom,stay/whom,kids?,lover?,p12,Xtimes,when,why,w/whom,stay/whom,kids?,lover?,p13,Xtimes,when,why,w/whom,stay/whom,kids?,lover?,p13,Xtimes,when,why,w/whom,stay/whom,kids?,lover?,p14,Xtimes,when,why,w/whom,stay/whom,kids?,lover?,p15,Xtimes,when,why,w/whom,stay/whom,kids?,lover?,p16,Xtimes,when,why,w/whom,stay/whom,kids?,lover?
1,,,girl,,,,,,,,,,,,,,,,,,,,,,,,,,,,,,,,,,,,,,,,,,,,,,,,,,,,,,,,,,,,,,,,,,,,,,,,,,,,,,,,,,,,,,,,,,,,,,,,,,,,,,,,,,,,,,,,,,,,,,,,,,,,,,,,,,,,,,,,,,,,,,
2,none,,,,,,,,,,,,,,,,,,,,,,,,,,,,,,,,,,,,,,,,,,,,,,,,,,,,,,,,,,,,,,,,,,,,,,,,,,,,,,,,,,,,,,,,,,,,,,,,,,,,,,,,,,,,,,,,,,,,,,,,,,,,,,,,,,,,,,,,,,,,,,,,
whom,"okanguati, otjimundemba",okanguati,1,rainy season,visit clinic,"twapewovingi (big sister, dif mother) MAT",made own shelter,no,none,otjimundemba,1,rainy season,took angry looking child to hospital,with her father and sick child,murekeke (big brother not bio),none,none,,,,,,,,,,,,,,,,,,,,,,,,,,,,,,,,,,,,,,,,,,,,,,,,,,,,,,,,,,,,,,,,,,,,,,,,,,,,,,,,,,,,,,,,,,,,,,,,,,,,,,,,,,,,,,,,,,,,,,,,,,,,,,,,
4,"otjimuhaka, otjomuru",otjimuhaka,1,1m,clinic for running stomach,husband mbakwata,murekeke's compound family of mgf,none,none,otjomuru,many,funeral,for the funeral,travelled with mbatiako (mother),funeral compound,1 at school,none,,,,,,,,,,,,,,,,,,,,,,,,,,,,,,,,,,,,,,,,,,,,,,,,,,,,,,,,,,,,,,,,,,,,,,,,,,,,,,,,,,,,,,,,,,,,,,,,,,,,,,,,,,,,,,,,,,,,,,,,,,,,,,,,
5,otjomuru,otjomuru,many ,funeral,no,kovambo (mother) and movakwao (daughter),big funeral compound,2 children going to school,none,,,,,,,,,,,,,,,,,,,,,,,,,,,,,,,,,,,,,,,,,,,,,,,,,,,,,,,,,,,,,,,,,,,,,,,,,,,,,,,,,,,,,,,,,,,,,,,,,,,,,,,,,,,,,,,,,,,,,,,,,,,,,,,,,,,,,,,,
6,"opuwo, otjomuru, otjoya (2x), enyendi, papurarwe",opuwo,many,"funeral (hike from okanguati) (has not walked to opuwo for a long time, people take the hike)",help collect the body,"went with hondo, moambero, makatumbwapi, and daughter",compound of paulo (who died),none,none,otjomuru,1,funeral,,came back from opuwo,funeral group,3,,oyjoya,1,after funeral,another funeral,see mohimbamua,,,,enyendi,1,,visit family of his wife,w/ mohimbamua,in-laws,none,none,papurarwe,1,,looking for his goat,see mohimbamua,,,,,,,,,,,,,,,,,,,,,,,,,,,,,,,,,,,,,,,,,,,,,,,,,,,,,,,,,,,,,,,,,,,,,,,,,,,,,,,,,,,,,,,,,,,,,,,,,,,,,,,,,,,
7,"otjimuhaka, otjomuru",otjimuhaka,1,in may,"clinic, and drinking",with her older sister,murekeke's compound her male cousin,none,none,otjomuru,1,this month,"collect government maize, stayed because maize was not there and needed to wiat, ussually a day trip",with older female friend kakoto,"stayed in compound of Ekripa, older male cousin",no children,no boyfriend,,,,,,,,,,,,,,,,,,,,,,,,,,,,,,,,,,,,,,,,,,,,,,,,,,,,,,,,,,,,,,,,,,,,,,,,,,,,,,,,,,,,,,,,,,,,,,,,,,,,,,,,,,,,,,,,,,,,,,,,,,,,,,,,
8,"okanguati, opuwo, otjimundemba",okanguati,many,1 month winter time,buying fake hair,went in car with Forest was only other person,"mandona (friend, older lady than her)",has one child (ngundja there for school),none,opuwo,1,during harvest season,was with her sick niece (mat) Keho,"keho, tutakuhe (son), nduvi (sister of keho)",build own shelter,karipoze (grandson),none,otjimundemba,many,during rainy season,buy vaseline and ochre,alone,murekeke (son of her older sister),murekeke (non-bio son),none,,,,,,,,,,,,,,,,,,,,,,,,,,,,,,,,,,,,,,,,,,,,,,,,,,,,,,,,,,,,,,,,,,,,,,,,,,,,,,,,,,,,,,,,,,,,,,,,,,,,,,,,,,,,,,,,,,,,,,,,
9,otjomuru,otjomuru,1,3 weeks,funeral,alone in car of puinya,,nayingungu,none,,,,,,,,,,,,,,,,,,,,,,,,,,,,,,,,,,,,,,,,,,,,,,,,,,,,,,,,,,,,,,,,,,,,,,,,,,,,,,,,,,,,,,,,,,,,,,,,,,,,,,,,,,,,,,,,,,,,,,,,,,,,,,,,,,,,,,,,
10,"ehomba, otjimundemba, opuwo, ongokwa, ruacana, epupa, onongurura",ehomba,many,in may,collect pension and visit friends,alone,alone,none,none,otjimundemba,many,,,,,,,ruacana,1,,visit younger sister who is married there,alone,younger sister's husband,none,none,wif,1,,took wife to clinic,with wife,,none,none,onongurura,1,,passing through to Angola,mukwaravanda (brother in law),nephew,none,none,epupa,1,,take daughter (wife of jahuna) to clinic,daughter,friend tjuumbu,none,none,ongokwa,1,,visit family (has many there),alone,"motjira, Twe chief and his family by some complicated route (cousin/kid)",none,none,,,,,,,,,,,,,,,,,,,,,,,,,,,,,,,,,,,,,,,,,,,,,,,,,,,,,,,,,,,,,,,,,,,,,,,,,,,,,,,,,,,,,,,,
11,,,,,,,,,,,,,,,,,,,,,,,,,,,,,,,,,,,,,,,,,,,,,,,,,,,,,,,,,,,,,,,,,,,,,,,,,,,,,,,,,,,,,,,,,,,,,,,,,,,,,,,,,,,,,,,,,,,,,,,,,,,,,,,,,,,,,,,,,,,,,,,,,
12,,,,,,,,,,,,,,,,,,,,,,,,,,,,,,,,,,,,,,,,,,,,,,,,,,,,,,,,,,,,,,,,,,,,,,,,,,,,,,,,,,,,,,,,,,,,,,,,,,,,,,,,,,,,,,,,,,,,,,,,,,,,,,,,,,,,,,,,,,,,,,,,,
13,"otjimundemba, okanguati, otjomuru",otjimundemba,many,recently,clinic,with husband,"stayed place of kovize, nephew",none,no,okanguati,1,while maize in garden,clinic (for her and the baby both),only with child,slept under the trees,none,none,otjomuru,4 times,winter,went for funeral of ex-husband,many people,many people (in funeral camp),none,,,,,,,,,,,,,,,,,,,,,,,,,,,,,,,,,,,,,,,,,,,,,,,,,,,,,,,,,,,,,,,,,,,,,,,,,,,,,,,,,,,,,,,,,,,,,,,,,,,,,,,,,,,,,,,,,,,,,,,,,
14,otjomuru,otjomuru,1,last month,collecting bag o maize,alone,her second home,none,none,,,,,,,,,,,,,,,,,,,,,,,,,,,,,,,,,,,,,,,,,,,,,,,,,,,,,,,,,,,,,,,,,,,,,,,,,,,,,,,,,,,,,,,,,,,,,,,,,,,,,,,,,,,,,,,,,,,,,,,,,,,,,,,,,,,,,,,,
15,,,,,,,,,,,,,,,,,,,,,,,,,,,,,,,,,,,,,,,,,,,,,,,,,,,,,,,,,,,,,,,,,,,,,,,,,,,,,,,,,,,,,,,,,,,,,,,,,,,,,,,,,,,,,,,,,,,,,,,,,,,,,,,,,,,,,,,,,,,,,,,,,
16,"ohayuua, opuwo",ohayuua,1,last dry,visit mother's-brother mbakumbaku,kotjirimbo (maternal cross-cuz… son of mbakumbaku),mbakumbaku,none,yes,opuwo,many,rainy season,sell mihanga,alone,made own shelter in the mountains,none,none,,,,,,,,,,,,,,,,,,,,,,,,,,,,,,,,,,,,,,,,,,,,,,,,,,,,,,,,,,,,,,,,,,,,,,,,,,,,,,,,,,,,,,,,,,,,,,,,,,,,,,,,,,,,,,,,,,,,,,,,,,,,,,,,
17,"omuzenga, orotumba, okanguati, opuwo, otjomuru",omuzenga,3 times,last week,there was a conservancy meeting,alone,compound of kouti (his big brother from old father) (pat),none,no,orotumba,2,last week,finding lost cow,alone,mother himundu (cousin male same-age),none,none,okanguati,1,3 weeks ago,buy girlfriends hair and soap,alone,compound of dara (otjomuru teacher),none,none,opuwo,many,last month,sell ankle bracelets,alone,kayindambwi (young brother from younger father) (pat),none,none,otjomuru,many,yestday,collect maize back,w/ his girlfriend and wife of jahuna,compound of ekripa (brother in law),none,none,,,,,,,,,,,,,,,,,,,,,,,,,,,,,,,,,,,,,,,,,,,,,,,,,,,,,,,,,,,,,,,,,,,,,,,,,,,,,,,,,,,,,,,,,,,,,,,,,,,,,,,,
18,,,,,,,,,,,,,,,,,,,,,,,,,,,,,,,,,,,,,,,,,,,,,,,,,,,,,,,,,,,,,,,,,,,,,,,,,,,,,,,,,,,,,,,,,,,,,,,,,,,,,,,,,,,,,,,,,,,,,,,,,,,,,,,,,,,,,,,,,,,,,,,,,
19,,,,,,,,,,,,,,,,,,,,,,,,,,,,,,,,,,,,,,,,,,,,,,,,,,,,,,,,,,,,,,,,,,,,,,,,,,,,,,,,,,,,,,,,,,,,,,,,,,,,,,,,,,,,,,,,,,,,,,,,,,,,,,,,,,,,,,,,,,,,,,,,,
20,"okanguati, otjitanga, okau",okanguati,4 times,Friday,visit family (cousin and nephew) PATERNAL,alone,cousing and nephew paternal,none,,otjitanga,many,yesterday,say hi to sick person kavenena (neice),,,,,okau,many,yesterday,visit family and go to meeting,w/ girlfriend (kahinjongo),tjimbanda (son of mothers brother) MATERNAL,none,,,,,,,,,,,,,,,,,,,,,,,,,,,,,,,,,,,,,,,,,,,,,,,,,,,,,,,,,,,,,,,,,,,,,,,,,,,,,,,,,,,,,,,,,,,,,,,,,,,,,,,,,,,,,,,,,,,,,,,,,
21,,,,,,,,,,,,,,,,,,,,,,,,,,,,,,,,,,,,,,,,,,,,,,,,,,,,,,,,,,,,,,,,,,,,,,,,,,,,,,,,,,,,,,,,,,,,,,,,,,,,,,,,,,,,,,,,,,,,,,,,,,,,,,,,,,,,,,,,,,,,,,,,,
22,"okanguati, ",okanguati,1 time,last month,"collect pension, buy vaseline and ochre, and soap for wife",alone,alone,one adult child,none,,,,,,,,,,,,,,,,,,,,,,,,,,,,,,,,,,,,,,,,,,,,,,,,,,,,,,,,,,,,,,,,,,,,,,,,,,,,,,,,,,,,,,,,,,,,,,,,,,,,,,,,,,,,,,,,,,,,,,,,,,,,,,,,,,,,,,,,
23,,,,,,,,,,,,,,,,,,,,,,,,,,,,,,,,,,,,,,,,,,,,,,,,,,,,,,,,,,,,,,,,,,,,,,,,,,,,,,,,,,,,,,,,,,,,,,,,,,,,,,,,,,,,,,,,,,,,,,,,,,,,,,,,,,,,,,,,,,,,,,,,,
24,okapuindje,okapuindje,1,harvest time,for job,alone,ovambo doesn't know,none,none,,,,,,,,,,,,,,,,,,,,,,,,,,,,,,,,,,,,,,,,,,,,,,,,,,,,,,,,,,,,,,,,,,,,,,,,,,,,,,,,,,,,,,,,,,,,,,,,,,,,,,,,,,,,,,,,,,,,,,,,,,,,,,,,,,,,,,,,
25,,,,,,,,,,,,,,,,,,,,,,,,,,,,,,,,,,,,,,,,,,,,,,,,,,,,,,,,,,,,,,,,,,,,,,,,,,,,,,,,,,,,,,,,,,,,,,,,,,,,,,,,,,,,,,,,,,,,,,,,,,,,,,,,,,,,,,,,,,,,,,,,,
26,,,,,,,,,,,,,,,,,,,,,,,,,,,,,,,,,,,,,,,,,,,,,,,,,,,,,,,,,,,,,,,,,,,,,,,,,,,,,,,,,,,,,,,,,,,,,,,,,,,,,,,,,,,,,,,,,,,,,,,,,,,,,,,,,,,,,,,,,,,,,,,,,
27,"ongondjonambadi, opuwo, okanguati, otjomuru",ongondjonambadi,1,rainy season,funeral for twarira (his older paternal half-sister),with karingombe (ego's father-father is mother's-brother of kaytjimba),stayed in compoound of deceased with the grievers,none,none,opuwo,1,rainy season,older son mbeukwatora fell from omurunga tree and was waiting or him at hospital.,kirio (his mother and Kirio's mother were age-mates and somehow related),own shelter in mountain where ovaTwa ussually sleep,none,none,okanguati,many,after rainy season,to find hike for son to Opuwo,"mbeukwator (son), and vayanena",own shelter,none,none,otjomuru,many,recently,"collects things, but also his other home.",,,none,none,,,,,,,,,,,,,,,,,,,,,,,,,,,,,,,,,,,,,,,,,,,,,,,,,,,,,,,,,,,,,,,,,,,,,,,,,,,,,,,,,,,,,,,,,,,,,,,,,,,,,,,,,,,,,,,,
28,,,,,,,,,,,,,,,,,,,,,,,,,,,,,,,,,,,,,,,,,,,,,,,,,,,,,,,,,,,,,,,,,,,,,,,,,,,,,,,,,,,,,,,,,,,,,,,,,,,,,,,,,,,,,,,,,,,,,,,,,,,,,,,,,,,,,,,,,,,,,,,,,
29,"ohayuua, opuwo",ohayuua,3,,visit vemuteeka (mat uncle),marikondjo (nephew same age),vemuteeka,none,none,opuwo,many,,looking to buy things,marikondjo (same age nephew) vehuga (same age female maternal cousin),twe mountain,none,none,,,,,,,,,,,,,,,,,,,,,,,,,,,,,,,,,,,,,,,,,,,,,,,,,,,,,,,,,,,,,,,,,,,,,,,,,,,,,,,,,,,,,,,,,,,,,,,,,,,,,,,,,,,,,,,,,,,,,,,,,,,,,,,,
30,"ehomba, ouzorowe, otjitambi, ondoto, ojimuhaka",ehomba,2 weeks,february,cattlepost,with younger brother,only them,no children,no girlfriend,ouzorowe,last month,girlfriend,alone,girlfriend's,none,yes,,otjitambi,pension,ask old people for money,alone,cousin and uncle,none,yes,ondoto,often,visit girlfriend,alone,with girlfriend,none,3 girlfriends,otjimuhaka,often,buy porridge,"with kayhengua (male friend, 8 years older)",with kayhengua,none,none,,,,,,,,,,,,,,,,,,,,,,,,,,,,,,,,,,,,,,,,,,,,,,,,,,,,,,,,,,,,,,,,,,,,,,,,,,,,,,,,,,,,,,,,,,,,,,,,,,,,,,,,,,,
31,,,,,,,,,,,,,,,,,,,,,,,,,,,,,,,,,,,,,,,,,,,,,,,,,,,,,,,,,,,,,,,,,,,,,,,,,,,,,,,,,,,,,,,,,,,,,,,,,,,,,,,,,,,,,,,,,,,,,,,,,,,,,,,,,,,,,,,,,,,,,,,,,
32,,,,,,,,,,,,,,,,,,,,,,,,,,,,,,,,,,,,,,,,,,,,,,,,,,,,,,,,,,,,,,,,,,,,,,,,,,,,,,,,,,,,,,,,,,,,,,,,,,,,,,,,,,,,,,,,,,,,,,,,,,,,,,,,,,,,,,,,,,,,,,,,,
33,,,,,,,,,,,,,,,,,,,,,,,,,,,,,,,,,,,,,,,,,,,,,,,,,,,,,,,,,,,,,,,,,,,,,,,,,,,,,,,,,,,,,,,,,,,,,,,,,,,,,,,,,,,,,,,,,,,,,,,,,,,,,,,,,,,,,,,,,,,,,,,,,
34,,,,,,,,,,,,,,,,,,,,,,,,,,,,,,,,,,,,,,,,,,,,,,,,,,,,,,,,,,,,,,,,,,,,,,,,,,,,,,,,,,,,,,,,,,,,,,,,,,,,,,,,,,,,,,,,,,,,,,,,,,,,,,,,,,,,,,,,,,,,,,,,,
35,,,,,,,,,,,,,,,,,,,,,,,,,,,,,,,,,,,,,,,,,,,,,,,,,,,,,,,,,,,,,,,,,,,,,,,,,,,,,,,,,,,,,,,,,,,,,,,,,,,,,,,,,,,,,,,,,,,,,,,,,,,,,,,,,,,,,,,,,,,,,,,,,
36,,,,,,,,,,,,,,,,,,,,,,,,,,,,,,,,,,,,,,,,,,,,,,,,,,,,,,,,,,,,,,,,,,,,,,,,,,,,,,,,,,,,,,,,,,,,,,,,,,,,,,,,,,,,,,,,,,,,,,,,,,,,,,,,,,,,,,,,,,,,,,,,,
37,,,,,,,,,,,,,,,,,,,,,,,,,,,,,,,,,,,,,,,,,,,,,,,,,,,,,,,,,,,,,,,,,,,,,,,,,,,,,,,,,,,,,,,,,,,,,,,,,,,,,,,,,,,,,,,,,,,,,,,,,,,,,,,,,,,,,,,,,,,,,,,,,
38,,,,,,,,,,,,,,,,,,,,,,,,,,,,,,,,,,,,,,,,,,,,,,,,,,,,,,,,,,,,,,,,,,,,,,,,,,,,,,,,,,,,,,,,,,,,,,,,,,,,,,,,,,,,,,,,,,,,,,,,,,,,,,,,,,,,,,,,,,,,,,,,,
39,,,,,,,,,,,,,,,,,,,,,,,,,,,,,,,,,,,,,,,,,,,,,,,,,,,,,,,,,,,,,,,,,,,,,,,,,,,,,,,,,,,,,,,,,,,,,,,,,,,,,,,,,,,,,,,,,,,,,,,,,,,,,,,,,,,,,,,,,,,,,,,,,
40,,,,,,,,,,,,,,,,,,,,,,,,,,,,,,,,,,,,,,,,,,,,,,,,,,,,,,,,,,,,,,,,,,,,,,,,,,,,,,,,,,,,,,,,,,,,,,,,,,,,,,,,,,,,,,,,,,,,,,,,,,,,,,,,,,,,,,,,,,,,,,,,,
41,,,,,,,,,,,,,,,,,,,,,,,,,,,,,,,,,,,,,,,,,,,,,,,,,,,,,,,,,,,,,,,,,,,,,,,,,,,,,,,,,,,,,,,,,,,,,,,,,,,,,,,,,,,,,,,,,,,,,,,,,,,,,,,,,,,,,,,,,,,,,,,,,
42,,,,,,,,,,,,,,,,,,,,,,,,,,,,,,,,,,,,,,,,,,,,,,,,,,,,,,,,,,,,,,,,,,,,,,,,,,,,,,,,,,,,,,,,,,,,,,,,,,,,,,,,,,,,,,,,,,,,,,,,,,,,,,,,,,,,,,,,,,,,,,,,,
43,,,,,,,,,,,,,,,,,,,,,,,,,,,,,,,,,,,,,,,,,,,,,,,,,,,,,,,,,,,,,,,,,,,,,,,,,,,,,,,,,,,,,,,,,,,,,,,,,,,,,,,,,,,,,,,,,,,,,,,,,,,,,,,,,,,,,,,,,,,,,,,,,
44,,,,,,,,,,,,,,,,,,,,,,,,,,,,,,,,,,,,,,,,,,,,,,,,,,,,,,,,,,,,,,,,,,,,,,,,,,,,,,,,,,,,,,,,,,,,,,,,,,,,,,,,,,,,,,,,,,,,,,,,,,,,,,,,,,,,,,,,,,,,,,,,,
45,,,,,,,,,,,,,,,,,,,,,,,,,,,,,,,,,,,,,,,,,,,,,,,,,,,,,,,,,,,,,,,,,,,,,,,,,,,,,,,,,,,,,,,,,,,,,,,,,,,,,,,,,,,,,,,,,,,,,,,,,,,,,,,,,,,,,,,,,,,,,,,,,
46,,,,,,,,,,,,,,,,,,,,,,,,,,,,,,,,,,,,,,,,,,,,,,,,,,,,,,,,,,,,,,,,,,,,,,,,,,,,,,,,,,,,,,,,,,,,,,,,,,,,,,,,,,,,,,,,,,,,,,,,,,,,,,,,,,,,,,,,,,,,,,,,,
47,,,,,,,,,,,,,,,,,,,,,,,,,,,,,,,,,,,,,,,,,,,,,,,,,,,,,,,,,,,,,,,,,,,,,,,,,,,,,,,,,,,,,,,,,,,,,,,,,,,,,,,,,,,,,,,,,,,,,,,,,,,,,,,,,,,,,,,,,,,,,,,,,
48,,,,,,,,,,,,,,,,,,,,,,,,,,,,,,,,,,,,,,,,,,,,,,,,,,,,,,,,,,,,,,,,,,,,,,,,,,,,,,,,,,,,,,,,,,,,,,,,,,,,,,,,,,,,,,,,,,,,,,,,,,,,,,,,,,,,,,,,,,,,,,,,,
49,,,,,,,,,,,,,,,,,,,,,,,,,,,,,,,,,,,,,,,,,,,,,,,,,,,,,,,,,,,,,,,,,,,,,,,,,,,,,,,,,,,,,,,,,,,,,,,,,,,,,,,,,,,,,,,,,,,,,,,,,,,,,,,,,,,,,,,,,,,,,,,,,
50,,,,,,,,,,,,,,,,,,,,,,,,,,,,,,,,,,,,,,,,,,,,,,,,,,,,,,,,,,,,,,,,,,,,,,,,,,,,,,,,,,,,,,,,,,,,,,,,,,,,,,,,,,,,,,,,,,,,,,,,,,,,,,,,,,,,,,,,,,,,,,,,,
51,,,,,,,,,,,,,,,,,,,,,,,,,,,,,,,,,,,,,,,,,,,,,,,,,,,,,,,,,,,,,,,,,,,,,,,,,,,,,,,,,,,,,,,,,,,,,,,,,,,,,,,,,,,,,,,,,,,,,,,,,,,,,,,,,,,,,,,,,,,,,,,,,
52,"omangete, okanguati, ojtomuru",omangete,2,,selling mihanga,alone,tjihenu (unrelated),none,none,okanguati,1,,buying clothes nd cosmetics,w/ girlfriend,rapindja (friend male older),none,none,otjomuru,many,,his second home… now maybe his first.. Girlfriend is there and they stay together,alone,girlfriend,1,yes,,,,,,,,,,,,,,,,,,,,,,,,,,,,,,,,,,,,,,,,,,,,,,,,,,,,,,,,,,,,,,,,,,,,,,,,,,,,,,,,,,,,,,,,,,,,,,,,,,,,,,,,,,,,,,,,,,,,,,,,
53,none,,,,,,,,,,,,,,,,,,,,,,,,,,,,,,,,,,,,,,,,,,,,,,,,,,,,,,,,,,,,,,,,,,,,,,,,,,,,,,,,,,,,,,,,,,,,,,,,,,,,,,,,,,,,,,,,,,,,,,,,,,,,,,,,,,,,,,,,,,,,,,,,
54,opuwo,opuwo,1,,"visiting sick children, also made mihanga and sold",wife,twe mountain,1,none,none,,,,,,,,,,,,,,,,,,,,,,,,,,,,,,,,,,,,,,,,,,,,,,,,,,,,,,,,,,,,,,,,,,,,,,,,,,,,,,,,,,,,,,,,,,,,,,,,,,,,,,,,,,,,,,,,,,,,,,,,,,,,,,,,,,,,,,,
55,,,,,,,,,,,,,,,,,,,,,,,,,,,,,,,,,,,,,,,,,,,,,,,,,,,,,,,,,,,,,,,,,,,,,,,,,,,,,,,,,,,,,,,,,,,,,,,,,,,,,,,,,,,,,,,,,,,,,,,,,,,,,,,,,,,,,,,,,,,,,,,,,
56,"omangete, otjiu, opuwo, omakange, mereko, kapuindja, otjihungu-tjongiama",omangete,1,last december,on route to otjiu,karondomawe (uncle MAT),tjihenu (great-uncle MAT),none,none,otjiu,1,last december,collect a cow,karondomawe (uncle MAT),cattlepost of his family,none,none,opuwo,many,last month,take ID photo,karondomawe (uncle MAT),didn't sleep,none,none,omakange,1,,looking for cow,alone,compound of some ovambos,none,none,mireko,3,march,looking for the cow,alone,"compound of yatura (cousin, PAT)",none,none,kapuindja,1,march,looking for cow,alone,tjihenu (great-uncle of mother),none,none,otjihungu-tjongiama,3,"january, february, then March",looking for cow,alone (previous trips he went with friends_,kakwendje (unrelated male),none,none,,,,,,,,,,,,,,,,,,,,,,,,,,,,,,,,,,,,,,,,,,,,,,,,,,,,,,,,,,,,,,,,,,,,,,,,,,,,,,,,,,,,,,,,
57,,,,,,,,,,,,,,,,,,,,,,,,,,,,,,,,,,,,,,,,,,,,,,,,,,,,,,,,,,,,,,,,,,,,,,,,,,,,,,,,,,,,,,,,,,,,,,,,,,,,,,,,,,,,,,,,,,,,,,,,,,,,,,,,,,,,,,,,,,,,,,,,,
58,"erora, ombaka",erora,1,,looking for his cow,alone,karuure (helpful person),none,none,ombaka,6,,mother's home,alone al times,mother,none,1,(says he goes to see his many girlfriends during the day then comes home),,,,,,,,,,,,,,,,,,,,,,,,,,,,,,,,,,,,,,,,,,,,,,,,,,,,,,,,,,,,,,,,,,,,,,,,,,,,,,,,,,,,,,,,,,,,,,,,,,,,,,,,,,,,,,,,,,,,,,,,,,,,,,,
59,"okanguati, okotuwondo, okau",okanguati,1 (for 1 week),,take child to clinic,w/ vanyingisa (mother),ndala (teacher at otjomuru),none,none,okotuwondo,many,,visit her big sister (wazerepo),alone (most recent),worukoro (husband of her sister),1,none,okau,many,,visit her mother grand aunt (vemuramanga),alone,visit her mother grand aunt (vemuramanga),none,none,,,,,,,,,,,,,,,,,,,,,,,,,,,,,,,,,,,,,,,,,,,,,,,,,,,,,,,,,,,,,,,,,,,,,,,,,,,,,,,,,,,,,,,,,,,,,,,,,,,,,,,,,,,,,,,,,,,,,,,,
60,,,,,,,,,,,,,,,,,,,,,,,,,,,,,,,,,,,,,,,,,,,,,,,,,,,,,,,,,,,,,,,,,,,,,,,,,,,,,,,,,,,,,,,,,,,,,,,,,,,,,,,,,,,,,,,,,,,,,,,,,,,,,,,,,,,,,,,,,,,,,,,,,
61,none,,,,,,,,,,,,,,,,,,,,,,,,,,,,,,,,,,,,,,,,,,,,,,,,,,,,,,,,,,,,,,,,,,,,,,,,,,,,,,,,,,,,,,,,,,,,,,,,,,,,,,,,,,,,,,,,,,,,,,,,,,,,,,,,,,,,,,,,,,,,,,,,
62,opuwo,opuwo,1,,visiting sick children,husband,twe mountain,1,none,,,,,,,,,,,,,,,,,,,,,,,,,,,,,,,,,,,,,,,,,,,,,,,,,,,,,,,,,,,,,,,,,,,,,,,,,,,,,,,,,,,,,,,,,,,,,,,,,,,,,,,,,,,,,,,,,,,,,,,,,,,,,,,,,,,,,,,,
63,,,,,,,,,,,,,,,,,,,,,,,,,,,,,,,,,,,,,,,,,,,,,,,,,,,,,,,,,,,,,,,,,,,,,,,,,,,,,,,,,,,,,,,,,,,,,,,,,,,,,,,,,,,,,,,,,,,,,,,,,,,,,,,,,,,,,,,,,,,,,,,,,
64,opuwo,opuwo,1,,buy soap,matukwiyani (paternal cross cousin),kotumo (friend),none,none,,,,,,,,,,,,,,,,,,,,,,,,,,,,,,,,,,,,,,,,,,,,,,,,,,,,,,,,,,,,,,,,,,,,,,,,,,,,,,,,,,,,,,,,,,,,,,,,,,,,,,,,,,,,,,,,,,,,,,,,,,,,,,,,,,,,,,,,
65,,,,,,,,,,,,,,,,,,,,,,,,,,,,,,,,,,,,,,,,,,,,,,,,,,,,,,,,,,,,,,,,,,,,,,,,,,,,,,,,,,,,,,,,,,,,,,,,,,,,,,,,,,,,,,,,,,,,,,,,,,,,,,,,,,,,,,,,,,,,,,,,,
66,opuwo,opuwo,1,,went to visit the town,tjakundumewe (boyfriend),twa mountain,none,none,,,,,,,,,,,,,,,,,,,,,,,,,,,,,,,,,,,,,,,,,,,,,,,,,,,,,,,,,,,,,,,,,,,,,,,,,,,,,,,,,,,,,,,,,,,,,,,,,,,,,,,,,,,,,,,,,,,,,,,,,,,,,,,,,,,,,,,,
67,,,,,,,,,,,,,,,,,,,,,,,,,,,,,,,,,,,,,,,,,,,,,,,,,,,,,,,,,,,,,,,,,,,,,,,,,,,,,,,,,,,,,,,,,,,,,,,,,,,,,,,,,,,,,,,,,,,,,,,,,,,,,,,,,,,,,,,,,,,,,,,,,
68,"okanguati, opuwo",okanguati,1,,begging money from family working there,"vayanena and kapwieko (both slightly older men), kapwieko is son of her mat uncle, and vayanena is somehow related to her mother",emidia,none,none,opuwo,1,,buy ochre and vaseline,"mohaondwa, veheparamo, verianaye, mbeva (all ladies of similar age)",twa mountain,none,none,,,,,,,,,,,,,,,,,,,,,,,,,,,,,,,,,,,,,,,,,,,,,,,,,,,,,,,,,,,,,,,,,,,,,,,,,,,,,,,,,,,,,,,,,,,,,,,,,,,,,,,,,,,,,,,,,,,,,,,,,,,,,,,,
69,,,,,,,,,,,,,,,,,,,,,,,,,,,,,,,,,,,,,,,,,,,,,,,,,,,,,,,,,,,,,,,,,,,,,,,,,,,,,,,,,,,,,,,,,,,,,,,,,,,,,,,,,,,,,,,,,,,,,,,,,,,,,,,,,,,,,,,,,,,,,,,,,
70,,,,,,,,,,,,,,,,,,,,,,,,,,,,,,,,,,,,,,,,,,,,,,,,,,,,,,,,,,,,,,,,,,,,,,,,,,,,,,,,,,,,,,,,,,,,,,,,,,,,,,,,,,,,,,,,,,,,,,,,,,,,,,,,,,,,,,,,,,,,,,,,,
71,okau (home is otjomuru),okau,many,yesterday,visit relatives,alone,compound of kirio (cousin) MAT,none,none,,,,,,,,,,,,,,,,,,,,,,,,,,,,,,,,,,,,,,,,,,,,,,,,,,,,,,,,,,,,,,,,,,,,,,,,,,,,,,,,,,,,,,,,,,,,,,,,,,,,,,,,,,,,,,,,,,,,,,,,,,,,,,,,,,,,,,,,
72,,,,,,,,,,,,,,,,,,,,,,,,,,,,,,,,,,,,,,,,,,,,,,,,,,,,,,,,,,,,,,,,,,,,,,,,,,,,,,,,,,,,,,,,,,,,,,,,,,,,,,,,,,,,,,,,,,,,,,,,,,,,,,,,,,,,,,,,,,,,,,,,,
73,,,,,,,,,,,,,,,,,,,,,,,,,,,,,,,,,,,,,,,,,,,,,,,,,,,,,,,,,,,,,,,,,,,,,,,,,,,,,,,,,,,,,,,,,,,,,,,,,,,,,,,,,,,,,,,,,,,,,,,,,,,,,,,,,,,,,,,,,,,,,,,,,
74,ohamaremba,ohamaremba,many,1w,brough vaseline for her old mgf,w/ pupenambango (daughter of kaukopua),mgf,none,none,,,,,,,,,,,,,,,,,,,,,,,,,,,,,,,,,,,,,,,,,,,,,,,,,,,,,,,,,,,,,,,,,,,,,,,,,,,,,,,,,,,,,,,,,,,,,,,,,,,,,,,,,,,,,,,,,,,,,,,,,,,,,,,,,,,,,,,,
75,"erora, ozongaku, ozohungu, ojona, piaviva, kwandu river, otjozondjo",erora,,,begging uncle for things,alone,stayed w/ uncle (MAT),none,none,ozongaku,,,past through to erora,alone,mbundu people she doesn't know,none,none,ozohungu,,,passing through,alone,nakare (young sister from mother's sibling),none,none,ojona,,,beg kapayhewa male cousin (PAT) for things because he has job,alone,kapayhewa,alone,alone,piaviva,,,"visit young-mothers' siblings to ask for things, gave her small sheep and blanket",,,,,kwandu river,,,passing to otjozondjo,,,,,otjozondjo,,,ask for cow and donkey from tjakoyo maternal uncle,,tjakoyo,,,,,,,,,,,,,,,,,,,,,,,,,,,,,,,,,,,,,,,,,,,,,,,,,,,,,,,,,,,,,,,,,,,,,,,,,,,,,,,,,,,,,,,,,,
76,"in mountains, otjoya, enjendi, papurarwe,  omuzenga",mountains,,,taking cows,"with mukwaravanda, nguronda, nayinaye, kayindambwi, ndiuvi, karangero, mburungunya",,,,otjoya,1,,funeral for his niece (mat),mukwaravanda (maternal uncle),mangriara (brother-in-law),none,none,enjendi,1,,visit his sister,w/ mukwaravanda,kapuwo' compound (sister),none,none,papapurarwe,,,asking his things mapungu (his young brother through paternal line),mukwaravanda,mapungu,none,none,omuzenga,,,has a compound there,,,,,,,,,,,,,,,,,,,,,,,,,,,,,,,,,,,,,,,,,,,,,,,,,,,,,,,,,,,,,,,,,,,,,,,,,,,,,,,,,,,,,,,,,,,,,,,,,,,,,,,,,,,,
77,okau,okau,1,,came to drink,alone,tjimbanda's (ex-husband),1,none,,,,,,,,,,,,,,,,,,,,,,,,,,,,,,,,,,,,,,,,,,,,,,,,,,,,,,,,,,,,,,,,,,,,,,,,,,,,,,,,,,,,,,,,,,,,,,,,,,,,,,,,,,,,,,,,,,,,,,,,,,,,,,,,,,,,,,,,
78,"otjomuru, opuwo",otjomuru,1,3days ago,stopover to okanguati where she was visiting the clinic.,with Die (her longtime boyfriend),stayed at compound of kazorowa (her nephew) PATERNAL (he is a himba),2 children,,opuwo,,10 days ago,had a disease,"kauyehewa (child of kaytjimba, her young mother)",stayed in hospital,none,,,,,,,,,,,,,,,,,,,,,,,,,,,,,,,,,,,,,,,,,,,,,,,,,,,,,,,,,,,,,,,,,,,,,,,,,,,,,,,,,,,,,,,,,,,,,,,,,,,,,,,,,,,,,,,,,,,,,,,,,,,,,,,,,
79,okau,okau,1,funeral,for the funeral,,,,,,,,,,,,,,,,,,,,,,,,,,,,,,,,,,,,,,,,,,,,,,,,,,,,,,,,,,,,,,,,,,,,,,,,,,,,,,,,,,,,,,,,,,,,,,,,,,,,,,,,,,,,,,,,,,,,,,,,,,,,,,,,,,,,,,,,,,,,
80,"otjitambi, epembe, opuwo, okanguati, okau",otjitambi,1,rainy season,sell mihanga,tjakundumewe (nephew both MAT and PAT) ,kandenge (not related only friends),none,none,epembe,1,rainy season,selling mihanga,tjakundumewe (nephew both MAT and PAT) ,went back to otjitambi for sleep,none,none,opuwo,1,begin rainy season,take mukai (older female PAT through both fathers related) to clinic,5 people,made own shelter,none,none,okanguati,1,recently,looking for money he was owed,with many people 8?,made own shelter,none,none,okau,2,last night,visit girlfriend mwetupaytjo who stays at Tjimbanda's his youn father),alone,tjimbanda's,none,"yes, mwetupaytjo",,,,,,,,,,,,,,,,,,,,,,,,,,,,,,,,,,,,,,,,,,,,,,,,,,,,,,,,,,,,,,,,,,,,,,,,,,,,,,,,,,,,,,,,,,,,,,,,,,,,,,,,
81,"omahama, orupende, ombwindjaondu, orumukandi, kapara, ozuzeu, otjijandjazemo, epupa, oagungo, otjitambi, otjikoyo, otjivize, epembe, porongwe, viere, omuhonga",omahama,,,looking for lost cow,alone,wakarara (fathers-sisters-son),none,none,orupembe,,,went to collect a cow of his father,alone,maaruka (they share a paternal grandmother),none,none,ombwindjaondu,,,looking for lost cow,alone,vakayarera (grandfather of ego is the mat uncle of him),none,none,orumukandi,,,looking for lost cow,,ngano (pat grandfather is mat uncle),none,none,kapara,many,,looking for lost cow,,many times many places,none,yes,ozuzeu,,,looking for lost cow,alone,ngaveore (family of his paternal grandfather),none,none,otjijandjazemo,,,looking for lost cow,alone,kazukweya (brother from big-father),none,none,epupa,,,meeting about the dam,many people,many people,none,none,oagungo,,,ask maternal uncle to loan a cow (gave him a small goat),,maternal uncle,none,none,otjitambi,1,,visiting another girlfriend,,hayzini (his mat uncle's son),none,yes,otjikoyo,many times,,looking for a different girl who is married,alone,sleeps in compound of girlfriend when husband away,none,yes,otjivize,many,,"on route to opuwo, also looks for girls",,different girlfriend,none,yes,epembe,many,,visit multiple girlfirends,,girlfriends,2,multiple,porongwe,,,checking the status of grass,,cattlepost of mother's sisters son),none,none,viere,,,checking the status of grass,,tjizozu (maternal family,none,none,omuhonga,many times,,looking for 2 girls,,girl's place,none,2,,,,,,,,,,,,,,,,
82,"oruzeu, mbandandu, omiore",oruzeu,many,last month,went to eat maize of his grandmother,alone,stayed with maternal grandmother,none,yes,mbandandu,many,last week,visiting girlfriend,alone,mbwende (mother's brother),none,yes,omiore,many,last month,looking for lost cow,alone,tjihozu (ego's mgm and his mgf are siblings),none,none,,,,,,,,,,,,,,,,,,,,,,,,,,,,,,,,,,,,,,,,,,,,,,,,,,,,,,,,,,,,,,,,,,,,,,,,,,,,,,,,,,,,,,,,,,,,,,,,,,,,,,,,,,,,,,,,,,,,,,,,
83,opuwo,opuwo,1,recently,bring keho (maternal cross cousin) to clinic,ndjovi (girlfriend),made own shelter under tree,none,none,,,,,,,,,,,,,,,,,,,,,,,,,,,,,,,,,,,,,,,,,,,,,,,,,,,,,,,,,,,,,,,,,,,,,,,,,,,,,,,,,,,,,,,,,,,,,,,,,,,,,,,,,,,,,,,,,,,,,,,,,,,,,,,,,,,,,,,,
84,otjomuru,otjomuru,1,recently,went to adult school but didn't like it,,compound of mundjumbako (sister of his mother),none,none,,,,,,,,,,,,,,,,,,,,,,,,,,,,,,,,,,,,,,,,,,,,,,,,,,,,,,,,,,,,,,,,,,,,,,,,,,,,,,,,,,,,,,,,,,,,,,,,,,,,,,,,,,,,,,,,,,,,,,,,,,,,,,,,,,,,,,,,
85,"okanguati, otengwa, ohamaremba",okanguati,3 (goes by car),,collect pension,stays with maternal relative,,,,otengwa,1 (with car of an ovambo man),,visit children of the grand-grand aunt,,,none,none,ohamaremba,1,,collect pension,alone,kambambi (married his niblings),none,none,,,,,,,,,,,,,,,,,,,,,,,,,,,,,,,,,,,,,,,,,,,,,,,,,,,,,,,,,,,,,,,,,,,,,,,,,,,,,,,,,,,,,,,,,,,,,,,,,,,,,,,,,,,,,,,,,,,,,,,,
86,"omuzenga, orowe, okau",omuzenga,1,throughout gardening period,was taking care of kombundamuti's (his and her mothers are siblings) garden,with her children,kombundamuti,none,none,orowe,1,end of garden season,on route from omuzenga,,"mayatuzano (her ""child"" related from her father's family)",none,none,okau,many times,,"comes just because often… this time she stayed for ""omanjando"" (the game) a party where the women all go on strike because one of them has been insulted",her children,own place,none,none,,,,,,,,,,,,,,,,,,,,,,,,,,,,,,,,,,,,,,,,,,,,,,,,,,,,,,,,,,,,,,,,,,,,,,,,,,,,,,,,,,,,,,,,,,,,,,,,,,,,,,,,,,,,,,,,,,,,,,,,
87,"opuwo, ohamaremba",opuwo (by car),1,came back this month from 4 month trip,at hospital with sister who had a premature birth (7 months),"mother, aunt, and kayindambwi (boyfriend)",own shelter,none,none,ohamaremba,,,on route to pickup car for Opuwo,"mother, aunt, and kayindambwi (boyfriend)",,,,,,,,,,,,,,,,,,,,,,,,,,,,,,,,,,,,,,,,,,,,,,,,,,,,,,,,,,,,,,,,,,,,,,,,,,,,,,,,,,,,,,,,,,,,,,,,,,,,,,,,,,,,,,,,,,,,,,,,,,,,,,,,,,,
88,"omuzenga, okau",omuzenga,many,recenty,"her father lives there, was taking sister jakare to see their father b/c she was sick and mother was gone",her and her younger sister,kombundamuti (her father),none,none,okau,many,last night,came for the women's strike party,with her mother,Koyo (young father),none,none,,,,,,,,,,,,,,,,,,,,,,,,,,,,,,,,,,,,,,,,,,,,,,,,,,,,,,,,,,,,,,,,,,,,,,,,,,,,,,,,,,,,,,,,,,,,,,,,,,,,,,,,,,,,,,,,,,,,,,,,,,,,,,,,
89,none,,,,,,,,,,,,,,,,,,,,,,,,,,,,,,,,,,,,,,,,,,,,,,,,,,,,,,,,,,,,,,,,,,,,,,,,,,,,,,,,,,,,,,,,,,,,,,,,,,,,,,,,,,,,,,,,,,,,,,,,,,,,,,,,,,,,,,,,,,,,,,,,
90,"opuwo, alpha, okanguati, orotumba, otjimuhaka, ehomba, omuzenga, okau",opuwo,2,3m,visit his mother,alone,with mother,none,none,alpha,2,3m?,visit grandmother,alone,with grandmother,none,none,okanguati,2,,"""visiting""",alone,emilia (family through mother),none,none,orotumba,1,,visiting,alone,murekeke and himbamua,none,none,otjimuhaka,1,,visit mat-uncle (vapirauka),with kaveurika (their mothers are sisters),vapirauka,none,none,ehomba,1,,visiting kauritenge grandfather of ego is mat-uncle of kauritenge,alone,kauritenge,none,none,omuzenga,many,,visit older sister who is married to kombundamuti,alone,kombundamui,none,none,okau,many,,visit kayindambwi (friend),alone,tjimbanda,none,none,,,,,,,,,,,,,,,,,,,,,,,,,,,,,,,,,,,,,,,,,,,,,,,,,,,,,,,,,,,,,,,,,,,,,,,,,,,,,,,,
91,"otjizi, onongurura, ohayuua, okanguati, otjikondovirondo",otjizi,1,,on route to otjikondovirondo,"dad (tjikoto), younger sister",own shelter in the bush,none,none,onongurura,1,,"on route to otjikondovirondo, father turned back to ongokua once they got that far","dad (tjikoto), younger sister",vehana (paternal cousin),none,none,ohayuua,1,,on route to otjikondovirondo,younger sister,kayeye (big father),none,none,okanguati,1,,on route to otjikondovirondo,younger sister,ndunbayepi (zemba man),none,none,otjikondovirondo,1,,visit nambayezi (big mother),younger sister,compound of kandugunjo (husband of her big mother),none,none,,,,,,,,,,,,,,,,,,,,,,,,,,,,,,,,,,,,,,,,,,,,,,,,,,,,,,,,,,,,,,,,,,,,,,,,,,,,,,,,,,,,,,,,,,,,,,,,,,,,,,,,
92,"otjizi, onongurura, ohayuua, okanguati, otjikondovirondo",otjizi,1,,on route to otjikondovirondo,"dad (tjikoto), older sister",own shelter in the bush,none,none,onongurura,1,,"on route to otjikondovirondo, father turned back to ongokua once they got that far","dad (tjikoto), older sister",vehana (paternal cousin),none,none,ohayuua,1,,on route to otjikondovirondo,older sister,kayeye (big father),none,none,okanguati,1,,on route to otjikondovirondo,older sister,ndunbayepi (zemba man),none,none,otjikondovirondo,1,,visit nambayezi (big mother),old sister,compound of kandugunjo (husband of her big mother),none,none,,,,,,,,,,,,,,,,,,,,,,,,,,,,,,,,,,,,,,,,,,,,,,,,,,,,,,,,,,,,,,,,,,,,,,,,,,,,,,,,,,,,,,,,,,,,,,,,,,,,,,,,
93,opuwo,opuwo,1,1m,"collecting her birth certificate ""so that she can be a person""",with her father,wahange (family of father),none,none,,,,,,,,,,,,,,,,,,,,,,,,,,,,,,,,,,,,,,,,,,,,,,,,,,,,,,,,,,,,,,,,,,,,,,,,,,,,,,,,,,,,,,,,,,,,,,,,,,,,,,,,,,,,,,,,,,,,,,,,,,,,,,,,,,,,,,,,
94,orotumba,orotumba,2,1m,"sleeps there when she goes to otjimundemba, last time was for clinic",with husband (ziepo),ovambo (ngureka),none,none,,,,,,,,,,,,,,,,,,,,,,,,,,,,,,,,,,,,,,,,,,,,,,,,,,,,,,,,,,,,,,,,,,,,,,,,,,,,,,,,,,,,,,,,,,,,,,,,,,,,,,,,,,,,,,,,,,,,,,,,,,,,,,,,,,,,,,,,
95,none,,,,,,,,,,,,,,,,,,,,,,,,,,,,,,,,,,,,,,,,,,,,,,,,,,,,,,,,,,,,,,,,,,,,,,,,,,,,,,,,,,,,,,,,,,,,,,,,,,,,,,,,,,,,,,,,,,,,,,,,,,,,,,,,,,,,,,,,,,,,,,,,
96,"opuwo, ohamaremba",opuwo,,1m,visit the town,kayindambwi (brother from old father),own shelter,none,,ohamaremba,,,catching car for opuwo,kayindambwi (brother from old father),kwinja (ngamwe man w/ car),,,,,,,,,,,,,,,,,,,,,,,,,,,,,,,,,,,,,,,,,,,,,,,,,,,,,,,,,,,,,,,,,,,,,,,,,,,,,,,,,,,,,,,,,,,,,,,,,,,,,,,,,,,,,,,,,,,,,,,,,,,,,,,,,,
97,"khorixas, ongera, omuhandja, opuwo",khorixas,1,8m,when with damara friend,damara friend,damara friend,none,none,ongera,1,11m,working,alone,work place,none,none,omuhandja,1,1m,play soccer,other agemates on soccer team,other agemates on soccer team,none,none,opuwo,5,,selling ankle bracelets,wete (friends),shelter,none,yes 1,,,,,,,,,,,,,,,,,,,,,,,,,,,,,,,,,,,,,,,,,,,,,,,,,,,,,,,,,,,,,,,,,,,,,,,,,,,,,,,,,,,,,,,,,,,,,,,,,,,,,,,,,,,,,,,,
98,"opuwo, okau",opuwo,1,1w,collecting money from work she did for a teacher (babysitting),with the teacher,with the teacher,none,"her ex-husband, but they are not talking b/c he is a drunk",okau,1,2m,funeral,big funeral party,big funeral party,none,none,,,,,,,,,,,,,,,,,,,,,,,,,,,,,,,,,,,,,,,,,,,,,,,,,,,,,,,,,,,,,,,,,,,,,,,,,,,,,,,,,,,,,,,,,,,,,,,,,,,,,,,,,,,,,,,,,,,,,,,,,,,,,,,,
99,okanguati,okanguati,1,1m (in my car),take sick child to clinic,"husband (and me, chelsea, and John)",hemiti (person who helps them),none,none,,,,,,,,,,,,,,,,,,,,,,,,,,,,,,,,,,,,,,,,,,,,,,,,,,,,,,,,,,,,,,,,,,,,,,,,,,,,,,,,,,,,,,,,,,,,,,,,,,,,,,,,,,,,,,,,,,,,,,,,,,,,,,,,,,,,,,,,
100,"okanguati, ohamaremba",okanguati,1,,collecting sister's paycheck,many people (3 of them family),emidia,none,none,ohamaremba,2,,"""visiting around""",vetauri female maternal parallel cousin,with vetauri's father,none,none,,,,,,,,,,,,,,,,,,,,,,,,,,,,,,,,,,,,,,,,,,,,,,,,,,,,,,,,,,,,,,,,,,,,,,,,,,,,,,,,,,,,,,,,,,,,,,,,,,,,,,,,,,,,,,,,,,,,,,,,,,,,,,,,
101,opuwo,opuwo,1,,collecting salary from mine work,w/ his boss,stayed with his sister,1,none,,,,,,,,,,,,,,,,,,,,,,,,,,,,,,,,,,,,,,,,,,,,,,,,,,,,,,,,,,,,,,,,,,,,,,,,,,,,,,,,,,,,,,,,,,,,,,,,,,,,,,,,,,,,,,,,,,,,,,,,,,,,,,,,,,,,,,,,
102,"okanguati, okau, ondjima, enyendi, otjoya, okana, ongaro, ohamukoti, okomatuka, ohamaremba, okapembi, otjikoyo, omuzenga, otjipango, okauva, otjimbewnde, otjihoko, otjitongorora",okanguati,many,,visiting friends,alone,mberi (cousin male),none,1,okau,many,,visit family,alone,father,none,none,ondjima,many,,visit family (from his mother's side),with wauruma (brother),with mother's family,none,none,enyandi,many,,fmaily from mother's side,with kangwe (friend),fmaily from mother's side,none,none,otjoya,1,,fmaily from mother's side,alone,fmaily from mother's side,none,none,okana,2,,foraging,w/ kamukuju (friend),in bush,none,none,ongaro,1,,foraging,w/ kamukuju (friend),in bush,none,none,ohamukoti,1,,foraging,father in bush,,none,none,okomatuka,,,foraging,brother from big father,in bush,none,none,ohamaremba,3,,visiting friends,w/ friends,with his big father,none,none,okapembi,1,,foraging,alone,,none,none,otjikoyo,1,,collecting his things,with kazuzu (younger brother),in bush,none,1,omuzenga,2,,visit his wife,alone,compound of wife's family,none,yes,otjipango,many,,visit friend,alone,friend,none,none,okauva,many,,foraging,father,in bush,none,none,otjimbewnde,many,,cattlepost,alone,look after animals,none,none,otjihoko,many,,cattlepost,alone,look after animals,none,none,otjitongorora,many,,foragin,father,in bush,none,none
103,okau,okau,1,2w,came for the women's strike,many other women,many other women,none,none,,,,,,,,,,,,,,,,,,,,,,,,,,,,,,,,,,,,,,,,,,,,,,,,,,,,,,,,,,,,,,,,,,,,,,,,,,,,,,,,,,,,,,,,,,,,,,,,,,,,,,,,,,,,,,,,,,,,,,,,,,,,,,,,,,,,,,,,
104,"oroundje, ohayuua, okanguati, otjomuru, okau, opuwo",okau,1,still herer,help her daughter (veupurisa) give bith,with vanjanoka (ego's mat uncle is her father),"koyo, mat uncle",1,none,opuwo,1,few months ago,her daughter had a premature birth and they needed to spend a long time in the hospital,,vehama (mother's brother),none,none,oroundje,many,,second compound of husband,husband (motjira… wealthy man chief in Angola),husband,all of them other than veupurisa),husband,ohayuua,1,,on route to opuwo to see sick daughter,wayeziwa (bi sister from other mother),mukakanditu,none,none,okanguati,1,,looking for hike to opuwo (gt there by car from ohayuua),,,none,none,otjomuru,1,,staying there while not in okau,alone,compound of kiyatjo,none,none,,,,,,,,,,,,,,,,,,,,,,,,,,,,,,,,,,,,,,,,,,,,,,,,,,,,,,,,,,,,,,,,,,,,,,,,,,,,,,,,,,,,,,,,,,,,,,,,
105,"kamanjab, orukopa, opuwo, omuzenga",kamanjab,1,,boyfriend works there,maruporo (boyfriend),maruporo (boyfriend),none,?,orukopa,1,,farm where boyfriend stays,maruporo (boyfriend),maruporo (boyfriend),none,?,opuwo,1,,on route from visiitng farms in the south back to home,maruporo (boyfriend),Twe mountain,none,?,omuzenga,1,,visit young father on route from opuwo back home,alone,Kombundamuti (young father),,,,,,,,,,,,,,,,,,,,,,,,,,,,,,,,,,,,,,,,,,,,,,,,,,,,,,,,,,,,,,,,,,,,,,,,,,,,,,,,,,,,,,,,,,,,,,,,,,,,,,,,,,,,,,,,,,
106,"okanguati, opuwo",okanguati,1,,clinic to see about pregnancy,"vehuga, and mukaverina (both young ladies as well related through her father's family (xcuz))",mother of mandona (fenmale teacher at primary school),none,none,opuwo,1,,to give birth in hospital,,"mbeuriapi (mother), ngaveponge (otherolder woman)",none,none,,,,,,,,,,,,,,,,,,,,,,,,,,,,,,,,,,,,,,,,,,,,,,,,,,,,,,,,,,,,,,,,,,,,,,,,,,,,,,,,,,,,,,,,,,,,,,,,,,,,,,,,,,,,,,,,,,,,,,,,,,,,,,,,
107,okau,okau,1,,funeral,many people funeral party,many people funeral party,none,none,,,,,,,,,,,,,,,,,,,,,,,,,,,,,,,,,,,,,,,,,,,,,,,,,,,,,,,,,,,,,,,,,,,,,,,,,,,,,,,,,,,,,,,,,,,,,,,,,,,,,,,,,,,,,,,,,,,,,,,,,,,,,,,,,,,,,,,,
108,,,,,,,,,,,,,,,,,,,,,,,,,,,,,,,,,,,,,,,,,,,,,,,,,,,,,,,,,,,,,,,,,,,,,,,,,,,,,,,,,,,,,,,,,,,,,,,,,,,,,,,,,,,,,,,,,,,,,,,,,,,,,,,,,,,,,,,,,,,,,,,,,
109,okanguati,okanguati,1,,buy hair,alone,in the trees,none,,,,,,,,,,,,,,,,,,,,,,,,,,,,,,,,,,,,,,,,,,,,,,,,,,,,,,,,,,,,,,,,,,,,,,,,,,,,,,,,,,,,,,,,,,,,,,,,,,,,,,,,,,,,,,,,,,,,,,,,,,,,,,,,,,,,,,,,,
110,"oramukende, erora, ohayuua, otjomuru",oramukende,1,,funeral,"mom, granmother, young father",compound of his father,none,none,erora,1,,eat the maize of his big father,young brother,big father,none,none,ohayuua,4,,looking for girlfriends,"one time with mbanyatongo (big brother from big father), next time with hongo (bigger male paternal cousin), other times went alone",,none,2,otjomuru,1,,decided to move to here,manjatonga (big brother from big father),kiatjo's compound (father of kiatjo is his uncle… or something like that),none,only stealing…,,,,,,,,,,,,,,,,,,,,,,,,,,,,,,,,,,,,,,,,,,,,,,,,,,,,,,,,,,,,,,,,,,,,,,,,,,,,,,,,,,,,,,,,,,,,,,,,,,,,,,,,,,,,,,,,
111,ohamaremba,ohamaremba,1,,visit family and friends,alone,kambambi (old neighbor),none,none,,,,,,,,,,,,,,,,,,,,,,,,,,,,,,,,,,,,,,,,,,,,,,,,,,,,,,,,,,,,,,,,,,,,,,,,,,,,,,,,,,,,,,,,,,,,,,,,,,,,,,,,,,,,,,,,,,,,,,,,,,,,,,,,,,,,,,,,
112,"opuwo, omuhandja",opuwo,1,,"running competition for the school (won for the kunene conservancy, but didn't go to regionals b/c tired from soccer)",tjivindi (teacher),tjivindi (teacher),none,none,omuhandja,1,,play soccer (team came in 2nd),with teacher and the school team,with teacher and the school team,none,none,,,,,,,,,,,,,,,,,,,,,,,,,,,,,,,,,,,,,,,,,,,,,,,,,,,,,,,,,,,,,,,,,,,,,,,,,,,,,,,,,,,,,,,,,,,,,,,,,,,,,,,,,,,,,,,,,,,,,,,,,,,,,,,,
113,"opuwo, okanguati, otjomuru",opuwo,1,,court case (beat his wife),jaorena and kayindambwi (simlar agd men friends,twa mountain,none,none,okanguati,1,,begging his young brother for money b/c he has a job there working on the bridge,went with 5 young women 1 is his faily,emidia,none,none,otjomuru,many,,"comes here for girlfriends, has 5 ",alone,ladies,2,5,,,,,,,,,,,,,,,,,,,,,,,,,,,,,,,,,,,,,,,,,,,,,,,,,,,,,,,,,,,,,,,,,,,,,,,,,,,,,,,,,,,,,,,,,,,,,,,,,,,,,,,,,,,,,,,,,,,,,,,,
114,"opuwo, okau",opuwo,1,,"funeral for his brother, body started there",many family,many family,none,none,okau,1,,final burial spot for funeral,many family,many family,none,none,,,,,,,,,,,,,,,,,,,,,,,,,,,,,,,,,,,,,,,,,,,,,,,,,,,,,,,,,,,,,,,,,,,,,,,,,,,,,,,,,,,,,,,,,,,,,,,,,,,,,,,,,,,,,,,,,,,,,,,,,,,,,,,,
115,"okanguati, otjitanga",okanguati,1,rainy season,had a garden,with her dughter in law,garden compound,none,none,otjitanga,1,,cattle-post,resididential unit,resididential unit,?,?,,,,,,,,,,,,,,,,,,,,,,,,,,,,,,,,,,,,,,,,,,,,,,,,,,,,,,,,,,,,,,,,,,,,,,,,,,,,,,,,,,,,,,,,,,,,,,,,,,,,,,,,,,,,,,,,,,,,,,,,,,,,,,,,
116,"okanguati, omangete, omungavera, ovitwambo",okanguati,1,rainy season,had a garden,with her mother in law,garden compound,none,none,omangete,1,,funeral for mgf,with children and mother in law,funeral party and mother,none,none,omungavera,2,,visiting her father,alone,father,3,none,ovitwambo,1,,daughter of her co-wife lives there and her child passed away,mother in law and daughter,compound of co-wive's daughter,none,none,,,,,,,,,,,,,,,,,,,,,,,,,,,,,,,,,,,,,,,,,,,,,,,,,,,,,,,,,,,,,,,,,,,,,,,,,,,,,,,,,,,,,,,,,,,,,,,,,,,,,,,,,,,,,,,,
117,omangete,omangete,many,,place of her mother (otjitanga is the plce of her maternal uncle),sometimes alone and sometimes with her friend who livs together,her mother,none,none,,,,,,,,,,,,,,,,,,,,,,,,,,,,,,,,,,,,,,,,,,,,,,,,,,,,,,,,,,,,,,,,,,,,,,,,,,,,,,,,,,,,,,,,,,,,,,,,,,,,,,,,,,,,,,,,,,,,,,,,,,,,,,,,,,,,,,,,
118,"omangete, ovitwambo",omangete,1,,funeral for mother of tjihenu,alone,tjihenu (paternal cross-cousin),none,none,ovitwambo,1,,funeral for her big sister,with her mother and grandmother,compound of her big mothers' family,none,none,,,,,,,,,,,,,,,,,,,,,,,,,,,,,,,,,,,,,,,,,,,,,,,,,,,,,,,,,,,,,,,,,,,,,,,,,,,,,,,,,,,,,,,,,,,,,,,,,,,,,,,,,,,,,,,,,,,,,,,,,,,,,,,,
119,"orotjitombo, otjikoyo, omatapati, epembe, ovitwambo, okauorwe, okanguati, opuwo, otjivize",orotjitombo,1,,son of his sister has a loaned goat he ent to chec on,alone,his brother,none,1,otjikoyo,3,,asking for his gun whch they had there,alone,two compounds,none,1,omatapati,2,,visiting in-laws,alone,in-laws,none,none,epembe,1,,funeral for his mgf,with his wife,funeral party,1,1,ovitwambo,4,,funeral for man related to through both parents,alone,funeral party,1,1,okauaorwe,many,,visit girlfriend,alone,girlfriend,none,1,okanguati,many,,collecting money from somone,alone,young mother,1,none,opuwo,3,,collecting money from somone,alone,stays with girlfriends,none,1,otjivize,many,,visiting girlfriend #1,alone,visit girlfriend,2,2,,,,,,,,,,,,,,,,,,,,,,,,,,,,,,,,,,,,,,,,,,,,,,,,,,,,,,,,,,,,,,,,,,,,,,,,
120,"ovitwambo, omangete, ohamaremba, opuwo, outapi, otjandi, oshikati, otjikoyo, otjitambi, okau, oknguati, otjiyandjazemo,",ovitwambo,many,,"his father lives there, it is another home",,father,none,1,omangete,many,,in-laws are there,his wife,in-laws,1,1,ohamaremba,1,,on route from opuwo,repanderwa (friend),wamunako (male maternal cousin),none,1,opuwo,many times,,selling goats,repanderwa (friend),around,none,none staying there but he meets girls coming from other places,outapi,2,,looking to buy a car,with repanderua (with transport from Opuwo),friend,none,none,otjandi,,,looking to buy a car,with repanderua (with transport from Opuwo),friend,none,none,oshikati,,,looking to buy a car,with repanderua (with transport from Opuwo),friend,none,none,otjikoyo,2,,looking for cow,alone,mbahokurija (brother from big father),none,1,otjitambi,1,,looking for cow,alone,hayezini (family of his mgf),none,none,okau,1,,looking for cow,alone,yahinguka (young brother same father),none,"none (""we are not sleepin with ovatwa)",okanguati,many,,"most recent was hospital.. Also visiting, looking girls, meetings, buying things….","vemwiera (maternal uncle), mizumani (younger brother), ",hospital,2,2,otjiyandjazemo,2,,"most recent looking for cow, other time was a meeting",alone,tjaraimwe (friend),none,none,,,,,,,,,,,,,,,,,,,,,,,,,,,,,,,,,,,,,,,,,,,,,,,,
121,otjomuru,otjomuru,1,,looking for cow,alone,compound of wakatira (his maternal uncle),none,none,,,,,,,,,,,,,,,,,,,,,,,,,,,,,,,,,,,,,,,,,,,,,,,,,,,,,,,,,,,,,,,,,,,,,,,,,,,,,,,,,,,,,,,,,,,,,,,,,,,,,,,,,,,,,,,,,,,,,,,,,,,,,,,,,,,,,,,,
122,"otjihandjavero, ohamukoti, ombuku, okanguati, omangete, opuwo",otjihandjavero,1,,visiting young mother,alone,youn mother'scompound,none,none,ohamukoti,2,,somebody was posting his cows there and he went to visit,"vehanguka (big brother, same parents)","vehanguka (big brother, same parents)",none,none,ombuku,2,,brother lives there,alone,brother's compound,none,none,okanguati,many,,"recent time went to buy maize… goes b/c ""visiting the town""",alone,sister's compound,none,1,omangete,3,,looking for cow,alone,the people there.. No relatives or friends,none,none,opuwo,many,,buy things,kaukutua (his sister's son),the people there…,1,1,,,,,,,,,,,,,,,,,,,,,,,,,,,,,,,,,,,,,,,,,,,,,,,,,,,,,,,,,,,,,,,,,,,,,,,,,,,,,,,,,,,,,,,,,,,,,,,,
123,"ombuku, otjiwe, ejao, opuwo, ehama, okanguati, ",ombuku,2,,ask his maternal uncle for cows,alone,maternal uncle,none,1,otjiwe,1,,maternal uncle asking for got (but onl gave small goat),alone,maternal uncle,none,none,ejao,1,,"visiting maternal uncle asking for cows, he gave him  goat",alone,maternal uncle,none,none,opuwo,many,,collecting his ID,in car with friend kamihona and kaze (brother of mother),kaumo's compound (grand paternal uncle),none,none,ehama,many,,brought goats to son of uncle there,alone,son of maternal uncle,none,none,okanguati,many,,took goat from okanguati to ohamokoti,alone,own compoud,1,1,,,,,,,,,,,,,,,,,,,,,,,,,,,,,,,,,,,,,,,,,,,,,,,,,,,,,,,,,,,,,,,,,,,,,,,,,,,,,,,,,,,,,,,,,,,,,,,,
124,"ehama, otjikoyo, omongareva, otjiyandjasemo, opuwo, okanguati, epupa, omangete, ombaka, kohonga, otjivize, ",ehama,3,,asking goat from maternal uncle,alone,maternal uncle,none,none,otjikoyo,1,,asking family for goat,alone,old mother,none,none,omongareva,1,,lost cow looking for it,alone,big brother from mother's side,none,none,otjiyandjazemo,1,,looking for co,with mongareva zemba friend,kamimendu  (cousin from father's side),none,none,opuwo,many,,visiting for fun,participant 124 (friend),compound kayomo (cousin from father),1,1,epupa,1,,visiting big brother,alone,big brother,none,none,omangete,1,,looking for girlfriends,alone,ripangerwa (friend),none,none,ombaka,1,,collecting his fathers' children to bring them to ovitwambo,alone,mother's compound,none,none,kohonga,1,,has a girlfriend,alone,"mateusa (male cousin, from father)",1,1,otjivize,1,,looking for cows and girls,alone,"hiurika (male cousin, maternal)",none,1,,,,,,,,,,,,,,,,,,,,,,,,,,,,,,,,,,,,,,,,,,,,,,,,,,,,,,,,,,,,,,,,
125,"opuwo, epupa, ondarere",opuwo,2,,"someone stole his cow and they went to look for it, found it","with participant #124, brother through big moher",kaumo,none,none,epupa,2,,ceremony for DTA (political party),with a zemba friend male,stayed in office of cermenony,none,none,ondarere,many,,take goats to cattle-post,with warirako (niece),sister's compound,none,1,,,,,,,,,,,,,,,,,,,,,,,,,,,,,,,,,,,,,,,,,,,,,,,,,,,,,,,,,,,,,,,,,,,,,,,,,,,,,,,,,,,,,,,,,,,,,,,,,,,,,,,,,,,,,,,,,,,,,,,,
126,"orotjirindi, epupa, opuwo, ondarere",orotjirindi (near okanguati),many,,has a garden there,alone,mgm's ounger sister,none,none,epupa,1,,visit her brother,alone,brother,none,none,opuwo,1,,visitit hospital (sick to side),alone,watja (female paternal cousin),none,none,ondarere,many,,cattle-posting goats,with the children of her young mother,veotugayi mat uncle,none,1,,,,,,,,,,,,,,,,,,,,,,,,,,,,,,,,,,,,,,,,,,,,,,,,,,,,,,,,,,,,,,,,,,,,,,,,,,,,,,,,,,,,,,,,,,,,,,,,,,,,,,,,,,,,,,,,
127,none,,,,,,,,,,,,,,,,,,,,,,,,,,,,,,,,,,,,,,,,,,,,,,,,,,,,,,,,,,,,,,,,,,,,,,,,,,,,,,,,,,,,,,,,,,,,,,,,,,,,,,,,,,,,,,,,,,,,,,,,,,,,,,,,,,,,,,,,,,,,,,,,
128,"okanguati, epupa, ohamaremba",okanguati,1,,on route from Epupa,(in Forest's truck),emidia,none,none,ohayuua,1,,went to Epupa to ask her father for money to help because she is sick,(in Forest's truck),people working the bridge,none,none,ohamaremba,1,,on route from Epupa,"(in Forest's truck) therre, but alked alone to otjomuru from ohamaremba",kwinja (ovambo),none,none,opuwo,1,,hosspital,(in Forest's truck),,,,,,,,,,,,,,,,,,,,,,,,,,,,,,,,,,,,,,,,,,,,,,,,,,,,,,,,,,,,,,,,,,,,,,,,,,,,,,,,,,,,,,,,,,,,,,,,,,,,,,,,,,,,,,,,,,,
129,"opuwo, otjikondovirondo",opuwo,1,,went to hospital for daughter's 1st birth,daughter (sisuveni),twa moutain,none,none,otjikondovirondo,1,,visiting her mother,alone,naambayize (mother),none,none,,,,,,,,,,,,,,,,,,,,,,,,,,,,,,,,,,,,,,,,,,,,,,,,,,,,,,,,,,,,,,,,,,,,,,,,,,,,,,,,,,,,,,,,,,,,,,,,,,,,,,,,,,,,,,,,,,,,,,,,,,,,,,,,
